<?xml version="1.0" encoding="UTF-8"?>
<beans xmlns="http://www.springframework.org/schema/beans"
	xmlns:xsi="http://www.w3.org/2001/XMLSchema-instance" xmlns:context="http://www.springframework.org/schema/context"
	xsi:schemaLocation="
http://www.springframework.org/schema/beans http://www.springframework.org/schema/beans/spring-beans-3.0.xsd
http://www.springframework.org/schema/context http://www.springframework.org/schema/context/spring-context-3.0.xsd">
	<context:component-scan base-package="com.accenture.hello"></context:component-scan>
	<context:annotation-config></context:annotation-config>
	<bean id="one" class="com.accenture.hello.SampleProgram1"></bean>
	<!--  <bean id="two" class="com.accenture.hello.Book">
	<property name="name" value="MyBook"></property>
	</bean>-->
	<bean id="three" class="com.accenture.hello.BookStore" >
	<!--  <property name="book" ref="two"></property>-->
	</bean>
</beans>